sequence,sequence_label,phase_from,phase_to,pair_label,n_frames,mean_iou,median_iou,std_iou,improved_iou,worsened_iou,equal_iou,mean_psnr,median_psnr,std_psnr,improved_psnr,worsened_psnr,equal_psnr,mean_ssim,median_ssim,std_ssim,improved_ssim,worsened_ssim,equal_ssim
bmx-trees,Bmx Trees,part1,part2,Part 1 Baseline -> Part 2 SOTA,80,0.5274512434265212,0.5651793150471798,0.1672189423476699,80,0,0,-1.4347772743488363,-1.1529164877861007,0.6643197034885948,0,80,0,-0.027395223443971807,-0.024454776532707945,0.009345947366504168,0,80,0
bmx-trees,Bmx Trees,part1,part3,Part 1 Baseline -> Part 3 Exploration,80,0.5681443876024252,0.6130452944547302,0.15709362893863407,80,0,0,-1.4635930437147562,-1.2050805025802198,0.6616899461205313,0,80,0,-0.028361547337729637,-0.025695015868170523,0.009391002788890244,0,80,0
bmx-trees,Bmx Trees,part2,part3,Part 2 SOTA -> Part 3 Exploration,80,0.04069314417590416,0.03878595177463623,0.03656200530501393,71,1,8,-0.02881576936591972,-0.014232003566363005,0.063566286132556,23,57,0,-0.0009663238937578353,-0.0008647206076609071,0.001395675990038085,17,63,0
tennis,Tennis,part1,part2,Part 1 Baseline -> Part 2 SOTA,70,0.38101028650330077,0.3732856191369722,0.09744156856466127,69,1,0,-0.05452634650753276,0.02678510286709468,0.5075576184117471,36,34,0,-0.0030569484961473666,-0.002133024438600195,0.007020574816478703,26,44,0
tennis,Tennis,part1,part3,Part 1 Baseline -> Part 3 Exploration,70,0.38101028650330077,0.3732856191369722,0.09744156856466127,69,1,0,-0.05199850811033997,0.02223206452519122,0.5055840890178525,36,34,0,-0.0031065488808758334,-0.0019321967132343576,0.0068355532405461016,27,43,0
tennis,Tennis,part2,part3,Part 2 SOTA -> Part 3 Exploration,70,0.0,0.0,0.0,0,0,70,0.002527838397192791,-0.001914752474906578,0.035831979991458644,34,36,0,-4.960038472846698e-05,-3.233685009307319e-05,0.0005062506307047624,32,38,0
